t,psi_deg,cmd_rudder_deg,applied_rudder_deg
0.0,5.506111821422906e-05,0.49847328176381617,0.49847328176381617
0.1,0.00022024447285691625,0.9969465635276323,0.9969465635276323
0.2,0.0005506111821677351,1.4954198452914484,1.4954198452914484
0.30000000000000004,0.0011012223643354702,1.9938931270552647,1.9938931270552647
0.4,0.0019271391375997949,2.492366408819081,2.492366408819081
0.5,0.003083422620149494,2.990839690582897,2.990839690582897
0.6000000000000001,0.004625133930224241,3.4893129723467133,3.4893129723467133
0.7000000000000001,0.006607334186038265,3.9877862541105293,3.9877862541105293
0.8,0.009085084505805795,4.486259535874345,4.486259535874345
0.9,0.01211344600774106,4.984732817638162,4.984732817638162
1.0,0.01574747981005829,5.483206099401978,5.483206099401978
1.1,0.019987954218462,5.490161640137029,5.490161640137029
1.2000000000000002,0.024834554535539125,5.487312656491709,5.487312656491709
1.3,0.03028693261342323,5.484160842058644,5.484160842058644
1.4000000000000001,0.03634470687733063,5.480706411135994,5.480706411135994
1.5,0.043007462351157474,5.4769495947149895,5.4769495947149895
1.6,0.05027475068473076,5.472890640464902,5.472890640464902
1.7000000000000002,0.058146090183171205,5.468529812717176,5.468529812717176
1.8,0.0666209658377319,5.463867392448679,5.463867392448679
1.9000000000000001,0.07569882935887608,5.458903677263854,5.458903677263854
2.0,0.0853790992107798,5.45363898137615,5.45363898137615
2.1,0.0956611606480991,5.448073635588479,5.448073635588479
2.2,0.10654436575411126,5.442207987272606,5.442207987272606
2.3000000000000003,0.1180280334810697,5.436042400347943,5.436042400347943
2.4000000000000004,0.1301114496921618,5.4295772552590735,5.4295772552590735
2.5,0.14279386720537504,5.422812948952677,5.422812948952677
2.6,0.15607450583917004,5.415749894853321,5.415749894853321
2.7,0.16995255245993413,5.408388522838454,5.408388522838454
2.8000000000000003,0.1844271610313437,5.40072927921252,5.40072927921252
2.9000000000000004,0.19949745266535485,5.392772626680027,5.392772626680027
3.0,0.21516251567525502,5.3845190443178765,5.3845190443178765
3.1,0.23142140563031763,5.375969027546737,5.375969027546737
3.2,0.2482731454123397,5.367123088101422,5.367123088101422
3.3000000000000003,0.2657167252739858,5.357981754000499,5.357981754000499
3.4000000000000004,0.2837511028988626,5.34854556951496,5.34854556951496
3.5,0.3023752034634247,5.3388150951360585,5.3388150951360585
3.6,0.32158791970079015,5.328790907541946,5.328790907541946
3.7,0.34138811196610613,5.318473599564033,5.318473599564033
3.8000000000000003,0.3617746083037995,5.307863780151734,5.307863780151734
3.9000000000000004,0.3827462045167343,5.29696207433687,5.29696207433687
4.0,0.4043016642368965,5.285769123197034,5.285769123197034
4.1000000000000005,0.42643971899811434,5.274285583817903,5.274285583817903
4.2,0.44915906831022856,5.262512129254929,5.262512129254929
4.3,0.47245837973537524,5.250449448493948,5.250449448493948
4.4,0.49633628896571813,5.238098246410994,5.238098246410994
4.5,0.5207913999031155,5.225459243731372,5.225459243731372
4.6000000000000005,0.5458222847404912,5.212533176987583,5.212533176987583
4.7,0.5714274840448603,5.199320798476603,5.199320798476603
4.800000000000001,0.5976055068422366,5.185822876216164,5.185822876216164
4.9,0.6243548307042202,5.172040193900352,5.172040193900352
5.0,0.6516739018361885,5.157973550854135,5.157973550854135
5.1000000000000005,0.6795611351673685,5.143623761987098,5.143623761987098
5.2,0.708014914442616,5.128991657746454,5.128991657746454
5.300000000000001,0.7370335923157703,5.1140780840689235,5.1140780840689235
5.4,0.7666154904448167,5.0988839023322114,5.0988839023322114
5.5,0.7967588995888047,5.083409989305037,5.083409989305037
5.6000000000000005,0.8274620797063433,5.067657237096905,5.067657237096905
5.7,0.8587232600558006,5.051626553106647,5.051626553106647
5.800000000000001,0.8905406392972602,5.035318859970332,5.035318859970332
5.9,0.9229123855960804,5.018735095508194,5.018735095508194
6.0,0.955836636728233,5.001876212670797,5.001876212670797
6.1000000000000005,0.9893115001871207,4.98474317948448,4.98474317948448
6.2,1.023335053292223,4.967336978995724,4.967336978995724
6.300000000000001,1.0579053432993741,4.9496586092149695,4.9496586092149695
6.4,1.0930203875125393,4.931709083059347,4.931709083059347
6.5,1.1286781733974751,4.913489428294923,4.913489428294923
6.6000000000000005,1.1648766586967392,4.895000687477731,4.895000687477731
6.7,1.2016137715466826,4.87624391789439,4.87624391789439
6.800000000000001,1.2388874105956151,4.85722019150155,4.85722019150155
6.9,1.276695445124029,4.837930594864925,4.837930594864925
7.0,1.3150357151660967,4.8183762290970655,4.8183762290970655
7.1000000000000005,1.3539060316329492,4.798558209794837,4.798558209794837
7.2,1.3933041764375569,4.778477666975674,4.778477666975674
7.300000000000001,1.4332279026210115,4.758135745013341,4.758135745013341
7.4,1.4736749344806115,4.737533602572714,4.737533602572714
7.5,1.5146429676993254,4.716672412543906,4.716672412543906
7.6000000000000005,1.5561296694770832,4.6955533619755965,4.6955533619755965
7.7,1.5981326786632417,4.674177652007469,4.674177652007469
7.800000000000001,1.6406496058909301,4.652546497802117,4.652546497802117
7.9,1.6836780337128223,4.630661128475902,4.630661128475902
8.0,1.7272155167384087,4.608522787029222,4.608522787029222
8.1,1.7712595817728216,4.586132730276069,4.586132730276069
8.200000000000001,1.8158077279571871,4.563492228772662,4.563492228772662
8.3,1.860857426910477,4.540602566745465,4.540602566745465
8.4,1.9064061228728635,4.517465042018362,4.517465042018362
8.5,1.9524512328505994,4.494080965939209,4.494080965939209
8.6,1.9989901467623234,4.470451663305528,4.470451663305528
8.700000000000001,2.046020227586842,4.446578472289553,4.446578472289553
8.8,2.093538811512514,4.422462744362529,4.422462744362529
8.9,2.1415432080878802,4.3981058442181675,4.3981058442181675
9.0,2.1900307003739496,4.373509149695674,4.373509149695674
9.1,2.2389985450977563,4.3486740517016464,4.3486740517016464
9.200000000000001,2.2884439728075194,4.323601954131725,4.323601954131725
9.3,2.338364188029076,4.298294273791044,4.298294273791044
9.4,2.3887563694237888,4.272752440314473,4.272752440314473
9.5,2.4396176699480057,4.246977896085753,4.246977896085753
9.600000000000001,2.49094521701354,4.220972096156187,4.220972096156187
9.700000000000001,2.54273611265003,4.194736508162513,4.194736508162513
9.8,2.594987433668316,4.168272612244156,4.168272612244156
9.9,2.6476962318252744,4.1415819009598245,4.1415819009598245
10.0,2.700859533990167,4.114665879203369,4.114665879203369
10.100000000000001,2.754474342312071,4.087526064118925,4.087526064118925
10.200000000000001,2.808537634388953,4.060163985015519,4.060163985015519
10.3,2.863046363437845,4.032581183281006,4.032581183281006
10.4,2.917997458466413,4.004779212295189,4.004779212295189
10.5,2.9733878244459824,3.976759637342443,3.976759637342443
10.600000000000001,3.0292143424855493,3.9485240355236964,3.9485240355236964
10.700000000000001,3.0854738700074256,3.920073995667556,3.920073995667556
10.8,3.1421632409240514,3.891411118241198,3.891411118241198
10.9,3.1992792658159295,3.8625370152601954,3.8625370152601954
11.0,3.2568187321110065,3.8334533101980233,3.8334533101980233
11.100000000000001,3.314778404265278,3.804161637894705,3.804161637894705
11.200000000000001,3.373155023944667,3.7746636444651753,3.7746636444651753
11.3,3.4319453102079676,3.7449609872066474,3.7449609872066474
11.4,3.491145959691191,3.7150553345056125,3.7150553345056125
11.5,3.550753646793105,3.684948365744218,3.684948365744218
11.600000000000001,3.6107650238618967,3.6546417712059274,3.6546417712059274
11.700000000000001,3.6711767213830773,3.624137251980782,3.624137251980782
11.8,3.731985348168638,3.593436519869876,3.593436519869876
11.9,3.793187491547143,3.5625412972894854,3.5625412972894854
12.0,3.8547797175553042,3.5314533171742575,3.5314533171742575
12.100000000000001,3.916758571130566,3.500174322880305,3.500174322880305
12.200000000000001,3.9791205763046134,3.4687060680873687,3.4687060680873687
12.3,4.041862236398454,3.437050316700517,3.437050316700517
12.4,4.104980034218261,3.4052088427514238,3.4052088427514238
12.5,4.168470432252369,3.373183430298926,3.373183430298926
12.600000000000001,4.2323298728696095,3.340975873329152,3.340975873329152
12.700000000000001,4.2965547785184395,3.3085879756550125,3.3085879756550125
12.8,4.3611415519272425,3.2760215508153463,3.2760215508153463
12.9,4.4260865763058455,3.2432784219733164,3.2432784219733164
13.0,4.49138621554783,3.2103604218144346,3.2103604218144346
13.100000000000001,4.557036814434008,3.1772693924440105,3.1772693924440105
13.200000000000001,4.623034698837077,3.144007185284081,3.144007185284081
13.3,4.689376175926977,3.110575660970052,3.110575660970052
13.4,4.756057534377476,3.076976689246403,3.076976689246403
13.5,4.823075044573771,3.043212148862407,3.043212148862407
13.600000000000001,4.890424958820877,3.0092839274668575,3.0092839274668575
13.700000000000001,4.9581035115531655,2.9751939215029233,2.9751939215029233
13.8,5.0261069195448345,2.940944036101893,2.940944036101893
13.9,5.0944313821212575,2.9065361849768827,2.9065361849768827
14.0,5.163073081371309,2.8719722903159504,2.8719722903159504
14.100000000000001,5.2320281823605725,2.8372542826747917,2.8372542826747917
14.200000000000001,5.3012928333456255,2.802384100868795,2.802384100868795
14.3,5.370863165989001,2.7673636918651137,2.7673636918651137
14.4,5.440735295575102,2.73219501067365,2.73219501067365
14.5,5.5109053212271215,2.6968800202381966,2.6968800202381966
14.600000000000001,5.581369326124741,2.661420691326885,2.661420691326885
14.700000000000001,5.652123377722524,2.625819002422253,2.625819002422253
14.8,5.723163527969495,2.5900769396107095,2.5900769396107095
14.9,5.794485813529218,2.554196496472168,2.554196496472168
15.0,5.866086256000822,2.5181796739684845,2.5181796739684845
15.100000000000001,5.937960862140934,2.482028480332219,2.482028480332219
15.200000000000001,6.010105624086165,2.4457449309544907,2.4457449309544907
15.3,6.082516519576612,2.409331048272853,2.409331048272853
15.4,6.155189512179995,2.3727888616584547,2.3727888616584547
15.5,6.228120551516493,2.3361204073030564,2.3361204073030564
15.600000000000001,6.3013055734845524,2.2993277281055873,2.2993277281055873
15.700000000000001,6.374740500487123,2.26241287355841,2.26241287355841
15.8,6.448421241658872,2.2253778996332305,2.2253778996332305
15.9,6.5223436930939105,2.1882248686664747,2.1882248686664747
16.0,6.596503738074315,2.1509558492446628,2.1509558492446628
16.1,6.670897247299375,2.113572916089184,2.113572916089184
16.2,6.745520079115263,2.0760781499409253,2.0760781499409253
16.3,6.820368079745679,2.038473637444323,2.038473637444323
16.400000000000002,6.895437083522945,2.0007614710314856,2.0007614710314856
16.5,6.970722913119697,1.962943748805757,1.962943748805757
16.6,7.04622137978127,1.9250225744249387,1.9250225744249387
16.7,7.12192828355877,1.8870000569842937,1.8870000569842937
16.8,7.197839413542528,1.8488783108995543,1.8488783108995543
16.900000000000002,7.273950548096211,1.81065945578897,1.81065945578897
17.0,7.350257455091625,1.772345616355926,1.772345616355926
17.1,7.426755892143847,1.7339389222704757,1.7339389222704757
17.2,7.503441606847095,1.6954415080513026,1.6954415080513026
17.3,7.580310337010954,1.6568555129469185,1.6568555129469185
17.400000000000002,7.657357810897239,1.6181830808170035,1.6181830808170035
17.5,7.7345797474572615,1.579426360013218,1.579426360013218
17.6,7.811971856569639,1.5405875032599459,1.5405875032599459
17.7,7.889529839278574,1.5016686675347461,1.5016686675347461
17.8,7.967249388032506,1.4626720139485705,1.4626720139485705
17.900000000000002,8.045126186923309,1.423599707625908,1.423599707625908
18.0,8.123155911925952,1.3844539175844852,1.3844539175844852
18.1,8.20133423113832,1.3452368166150266,1.3452368166150266
18.2,8.279656805021858,1.30595058116049,1.30595058116049
18.3,8.358119286642154,1.266597391195615,1.266597391195615
18.400000000000002,8.436717321910255,1.2271794301057672,1.2271794301057672
18.5,8.515446549824155,1.1876988845658878,1.1876988845658878
18.6,8.594302602710647,1.1481579444192924,1.1481579444192924
18.7,8.67328110646766,1.1085588025562283,1.1085588025562283
18.8,8.752377680806685,1.0689036547921966,1.0689036547921966
18.900000000000002,8.831587939495728,1.029194699746427,1.029194699746427
19.0,8.910907490602371,0.989434138719801,0.989434138719801
19.1,8.990331936737332,0.9496241755730934,0.9496241755730934
19.200000000000003,9.069856875297997,0.9097670166045994,0.9097670166045994
19.3,9.149477898712602,0.869864870428095,0.869864870428095
19.400000000000002,9.229190594684276,0.8299199478504756,0.8299199478504756
19.5,9.308990546435458,0.7899344617491665,0.7899344617491665
19.6,9.388873332952725,0.7499106269496714,0.7499106269496714
19.700000000000003,9.46883452923144,0.7098506601030148,0.7098506601030148
19.8,9.548869706520883,0.6697567795628134,0.6697567795628134
19.900000000000002,9.628974432569509,0.629631205262627,0.629631205262627
20.0,9.709144271870233,0.5894761585930736,0.5894761585930736
20.1,9.789374785905972,0.5492938622787595,0.5492938622787595
20.200000000000003,9.869661533395336,0.5090865402555153,0.5090865402555153
20.3,9.950000070538385,0.4688564175470775,0.4688564175470775
20.400000000000002,10.030385951262515,0.4286057201422135,0.4286057201422135
20.5,10.110814707387263,0.388154878679314,0.388154878679314
20.6,10.191281824527687,0.3472857432956888,0.3472857432956888
20.700000000000003,10.271782742319067,0.30600034953936733,0.30600034953936733
20.8,10.352312854650334,0.2643008092495111,0.2643008092495111
20.900000000000002,10.432867509904492,0.22218929991258582,0.22218929991258582
21.0,10.513442011205608,0.17966805777374883,0.17966805777374883
21.1,10.594031616671959,0.13673937338814482,0.13673937338814482
21.200000000000003,10.674631539674573,0.09340558875756487,0.09340558875756487
21.3,10.755236949101521,0.04966909549704348,0.04966909549704348
21.400000000000002,10.835842969627345,0.0055323336690792655,0.0055323336690792655
21.5,10.916444681988013,-0.039002208948653985,-0.039002208948653985
21.6,10.99703712326076,-0.08393199731575102,-0.08393199731575102
21.700000000000003,11.077615287149364,-0.1292544494004063,-0.1292544494004063
21.8,11.1581741242746,-0.17496693633495763,-0.17496693633495763
21.900000000000002,11.2387085424697,-0.22106678249687073,-0.22106678249687073
22.0,11.319213407081078,-0.2675512655434662,-0.2675512655434662
22.1,11.399683541274221,-0.3144176164173129,-0.3144176164173129
22.200000000000003,11.480113726344761,-0.36166301933456896,-0.36166301933456896
22.3,11.560498702034526,-0.4092846117631416,-0.4092846117631416
22.400000000000002,11.640833166853069,-0.45727948439627236,-0.45727948439627236
22.5,11.721111778404067,-0.505644681124331,-0.505644681124331
22.6,11.801329153717141,-0.5543771990066981,-0.5543771990066981
22.700000000000003,11.881479869584611,-0.6034739882459259,-0.6034739882459259
22.8,11.961558462903625,-0.6529319521641294,-0.6529319521641294
22.900000000000002,12.041559431023448,-0.7027479471826962,-0.7027479471826962
23.0,12.121477232097769,-0.752918782805882,-0.752918782805882
23.1,12.201306285442369,-0.8034412216081113,-0.8034412216081113
23.200000000000003,12.28104097189791,-0.8543119792253505,-0.8543119792253505
23.3,12.360675634197863,-0.9055277243508408,-0.9055277243508408
23.400000000000002,12.440204577341774,-0.9570850787350647,-0.9570850787350647
23.5,12.5196220689735,-1.0089806171900735,-1.0089806171900735
23.6,12.598922339764755,-1.061210867598385,-1.061210867598385
23.700000000000003,12.67809958380388,-1.1137723109261262,-1.1137723109261262
23.8,12.75714795898969,-1.1666613812409379,-1.1666613812409379
23.900000000000002,12.83606158743055,-1.2198744657342817,-1.2198744657342817
24.0,12.914834555848586,-1.273407904748333,-1.273407904748333
24.1,12.993460915989187,-1.3272579918075187,-1.3272579918075187
24.200000000000003,13.07193468503549,-1.3814209736547325,-1.3814209736547325
24.3,13.15024984602822,-1.4358930502920035,-1.4358930502920035
24.400000000000002,13.228400348290458,-1.4906703750261363,-1.4906703750261363
24.5,13.3063801078579,-1.545749054518819,-1.545749054518819
24.6,13.384183007913864,-1.6011251488414668,-1.6011251488414668
24.700000000000003,13.461802899229705,-1.6567946715350015,-1.6567946715350015
24.8,13.539233600610341,-1.7127535896741903,-1.7127535896741903
24.900000000000002,13.616468899344808,-1.7689978239369357,-1.7689978239369357
25.0,13.693502551661936,-1.8255232486782311,-1.8255232486782311
25.1,13.770328283191253,-1.882325692008967,-1.882325692008967
25.200000000000003,13.846939789428848,-1.939400935879803,-1.939400935879803
25.3,13.923330736208397,-1.9967447161696068,-1.9967447161696068
25.400000000000002,13.99949476017733,-2.0543527227789933,-2.0543527227789933
25.5,14.075425469277832,-2.112220599728625,-2.112220599728625
25.6,14.151116443233215,-2.1703439452627413,-2.1703439452627413
25.700000000000003,14.226561234039101,-2.228718311957155,-2.228718311957155
25.8,14.301753366459732,-2.287339206832635,-2.287339206832635
25.900000000000002,14.376686338529229,-2.346202091473144,-2.346202091473144
26.0,14.451353622058049,-2.4053023821489803,-2.4053023821489803
26.1,14.525748663144093,-2.4646354499451912,-2.4646354499451912
26.200000000000003,14.599864882689193,-2.524196620894626,-2.524196620894626
26.3,14.673695676920234,-2.5839811761164735,-2.5839811761164735
26.400000000000002,14.74723441791532,-2.6439843519596646,-2.6439843519596646
26.5,14.820474454135002,-2.7042013401513283,-2.7042013401513283
26.6,14.893409110958265,-2.7646272879503564,-2.7646272879503564
26.700000000000003,14.96603169122335,-2.8252572983062967,-2.8252572983062967
26.8,15.038335475773794,-2.88608643002313,-2.88608643002313
26.900000000000002,15.110313724008813,-2.9471096979282687,-2.9471096979282687
27.0,15.181959674438994,-3.008322073046787,-3.008322073046787
27.1,15.253266545246541,-3.069718482780829,-3.069718482780829
27.200000000000003,15.324227534850406,-3.1312938110941126,-3.1312938110941126
27.3,15.394835822476141,-3.1930428987016635,-3.1930428987016635
27.400000000000002,15.465084568730612,-3.2549605432648545,-3.2549605432648545
27.5,15.534966916181338,-3.317041499591658,-3.317041499591658
27.6,15.604478929247643,-3.352670667091418,-3.352670667091418
27.700000000000003,15.67361681604343,-3.3869989552464412,-3.3869989552464412
27.8,15.742376805857948,-3.4211355402124703,-3.4211355402124703
27.900000000000002,15.810755149361485,-3.455078561139795,-3.455078561139795
28.0,15.87874811880966,-3.488826168120829,-3.488826168120829
28.1,15.946352008246546,-3.5223765222911485,-3.5223765222911485
28.200000000000003,16.013563133706537,-3.555727795929505,-3.555727795929505
28.3,16.080377833415024,-3.588878172557343,-3.588878172557343
28.400000000000002,16.146792467987783,-3.621825847037721,-3.621825847037721
28.5,16.21280342062912,-3.6545690256735237,-3.6545690256735237
28.6,16.278407097328653,-3.6871059263050756,-3.6871059263050756
28.700000000000003,16.343599927056992,-3.719434778407121,-3.719434778407121
28.8,16.408378361959944,-3.7515538231849903,-3.7515538231849903
28.900000000000002,16.472738877551503,-3.7834613136703865,-3.7834613136703865
29.0,16.536677972905526,-3.815155514816244,-3.815155514816244
29.1,16.600192170845943,-3.846634703591047,-3.846634703591047
29.200000000000003,16.663278018135973,-3.877897169072514,-3.877897169072514
29.3,16.725932085665516,-3.908941212540378,-3.908941212540378
29.400000000000002,16.788150968637584,-3.9397651475687763,-3.9397651475687763
29.5,16.849931286753165,-3.9703673001177515,-3.9703673001177515
29.6,16.91126968439478,-4.0007460086241045,-4.0007460086241045
29.700000000000003,16.972162830808603,-4.030899624091591,-4.030899624091591
29.8,17.032607420285252,-4.060826510180289,-4.060826510180289
29.900000000000002,17.092600172339075,-4.090525043295476,-4.090525043295476
30.0,17.152137831886115,-4.119993612675493,-4.119993612675493
30.1,17.211217169420618,-4.149230620479166,-4.149230620479166
30.200000000000003,17.269834981189998,-4.178234481872334,-4.178234481872334
30.3,17.327988089368624,-4.2070036251137495,-4.2070036251137495
30.400000000000002,17.385673342229772,-4.2355364916401035,-4.2355364916401035
30.5,17.44288761431653,-4.263831536150435,-4.263831536150435
30.6,17.499627806610835,-4.291887226689814,-4.291887226689814
30.700000000000003,17.5558908467013,-4.319702044732178,-4.319702044732178
30.8,17.611673688949463,-4.347274485262418,-4.347274485262418
30.900000000000002,17.66697331465445,-4.374603056857841,-4.374603056857841
31.0,17.721786732216337,-4.401686281768758,-4.401686281768758
31.1,17.776110977297765,-4.428522695998175,-4.428522695998175
31.200000000000003,17.829943112984104,-4.455110849381152,-4.455110849381152
31.3,17.88328022994222,-4.481449305662782,-4.481449305662782
31.400000000000002,17.936119446577408,-4.507536642575998,-4.507536642575998
31.5,17.98845790918917,-4.533371451918145,-4.533371451918145
31.6,18.040292792124912,-4.558952339626864,-4.558952339626864
31.700000000000003,18.09162129793265,-4.5842779258554485,-4.5842779258554485
31.8,18.142440657511614,-4.609346845047109,-4.609346845047109
31.900000000000002,18.19274813026172,-4.634157746008399,-4.634157746008399
32.0,18.24254100423101,-4.6587092919822535,-4.6587092919822535
32.1,18.29181659626183,-4.683000160719663,-4.683000160719663
32.2,18.340572252135267,-4.707029044550995,-4.707029044550995
32.300000000000004,18.388805346714005,-4.730794650456308,-4.730794650456308
32.4,18.436513284083354,-4.75429570013466,-4.75429570013466
32.5,18.483693497691103,-4.777530930073112,-4.777530930073112
32.6,18.530343450485166,-4.8004990916143,-4.8004990916143
32.7,18.576460635050044,-4.823198951023579,-4.823198951023579
32.800000000000004,18.62204257374132,-4.845629289555279,-4.845629289555279
32.9,18.667086818818802,-4.867788903517932,-4.867788903517932
33.0,18.711590952577534,-4.889676604338859,-4.889676604338859
33.1,18.755552587477734,-4.9112912186279,-4.9112912186279
33.2,18.79896936627239,-4.9326315882400635,-4.9326315882400635
33.300000000000004,18.84183896213381,-4.953696570337698,-4.953696570337698
33.4,18.88415907877789,-4.974485037451511,-4.974485037451511
33.5,18.925927450587167,-4.994995877540754,-4.994995877540754
33.6,18.967141842731788,-5.015227994052861,-5.015227994052861
33.7,19.00780005128903,-5.035180305981699,-5.035180305981699
33.800000000000004,19.047899903360882,-5.0548517479255235,-5.0548517479255235
33.9,19.08743925719009,-5.074241270143478,-5.074241270143478
34.0,19.126416002274308,-5.093347838611815,-5.093347838611815
34.1,19.164828059478623,-5.112170435078762,-5.112170435078762
34.2,19.20267338114621,-5.130708057118756,-5.130708057118756
34.300000000000004,19.239949951207446,-5.148959718185719,-5.148959718185719
34.4,19.276655785286966,-5.166924447665504,-5.166924447665504
34.5,19.312788930809177,-5.184601290927371,-5.184601290927371
34.6,19.34834746710193,-5.201989309374625,-5.201989309374625
34.7,19.383329505498505,-5.219087580494412,-5.219087580494412
34.800000000000004,19.41773318943753,-5.235895197906425,-5.235895197906425
34.9,19.45155669456155,-5.252411271411069,-5.252411271411069
35.0,19.484798228813354,-5.2686349270362935,-5.2686349270362935
35.1,19.517456032530838,-5.284565307083749,-5.284565307083749
35.2,19.54952837853997,-5.300201570174217,-5.300201570174217
35.300000000000004,19.58101357224577,-5.315542891291786,-5.315542891291786
35.4,19.6119099517218,-5.330588461827186,-5.330588461827186
35.5,19.642215887797573,-5.345337489620553,-5.345337489620553
35.6,19.671929784144247,-5.359789199002791,-5.359789199002791
35.7,19.701050077358442,-5.373942830836336,-5.373942830836336
35.800000000000004,19.729575237044394,-5.387797642554828,-5.387797642554828
35.9,19.757503765893944,-5.401352908202201,-5.401352908202201
36.0,19.78483419976509,-5.414607918470256,-5.414607918470256
36.1,19.81156510775836,-5.427561980735866,-5.427561980735866
36.2,19.837695092291487,-5.440214419096925,-5.440214419096925
36.300000000000004,19.86322278917231,-5.452564574407641,-5.452564574407641
36.4,19.888146867669597,-5.464611804312537,-5.464611804312537
36.5,19.912466030582245,-5.476355483279779,-5.476355483279779
36.6,19.93617901430648,-5.48779500263364,-5.48779500263364
36.7,19.9592845889012,-5.498929770585761,-5.498929770585761
36.800000000000004,19.981781558151493,-5.509759212265593,-5.509759212265593
36.9,20.003668759630273,-5.520282769750049,-5.520282769750049
37.0,20.024945263658097,-5.528699241715244,-5.528699241715244
37.1,20.04560997594663,-5.538605933378294,-5.538605933378294
37.2,20.065661836145654,-5.548205379318116,-5.548205379318116
37.300000000000004,20.085099817897326,-5.557497090021832,-5.557497090021832
37.4,20.10392292888823,-5.56648059303975,-5.56648059303975
37.5,20.122130210899677,-5.575155433008893,-5.575155433008893
37.6,20.139720739856287,-5.583521171676263,-5.583521171676263
37.7,20.156693625872244,-5.591577387920428,-5.591577387920428
37.800000000000004,20.17304801329613,-5.599323677772815,-5.599323677772815
37.9,20.188783080753534,-5.6067596544375276,-5.6067596544375276
38.0,20.203898041187962,-5.6138849483105355,-5.6138849483105355
38.1,20.218392141899677,-5.620699206997775,-5.620699206997775
38.2,20.23226466458276,-5.627202095332413,-5.627202095332413
38.300000000000004,20.245514925360233,-5.6333932953909525,-5.6333932953909525
38.400000000000006,20.258142274817295,-5.639272506508608,-5.639272506508608
38.5,20.270146098032562,-5.64483944529362,-5.64483944529362
38.6,20.28152581460749,-5.650093845640486,-5.650093845640486
38.7,20.29228087869392,-5.655035458742545,-5.655035458742545
38.800000000000004,20.302410779019514,-5.659664053103403,-5.659664053103403
38.900000000000006,20.31191503891154,-5.663979414547216,-5.663979414547216
39.0,20.32079321631857,-5.667981346228542,-5.667981346228542
39.1,20.32904490383028,-5.671669668640707,-5.671669668640707
39.2,20.336669728695398,-5.675044219623423,-5.675044219623423
39.300000000000004,20.34366735283766,-5.6781048543695585,-5.6781048543695585
39.400000000000006,20.350037472869985,-5.6808514454307515,-5.6808514454307515
39.5,20.35577982010649,-5.683283882722146,-5.683283882722146
39.6,20.360894160572876,-5.685402073526263,-5.685402073526263
39.7,20.365380295014596,-5.68720594249573,-5.68720594249573
39.800000000000004,20.36923805890346,-5.688695431655097,-5.688695431655097
39.900000000000006,20.372467322441874,-5.689870500401865,-5.689870500401865
40.0,20.375013024511674,-6.18834378216568,-6.18834378216568
40.1,20.37682010399462,-6.686817063929497,-6.686817063929497
40.2,20.377833499772503,-7.185290345693313,-7.185290345693313
40.300000000000004,20.377998150727073,-7.68376362745713,-7.68376362745713
40.400000000000006,20.377268464010857,-8.096519798716333,-8.096519798716333
40.5,20.375644578324565,-8.095264128051065,-8.095264128051065
40.6,20.373126657049724,-8.093785020432286,-8.093785020432286
40.7,20.369714888240804,-8.092082546332042,-8.092082546332042
40.800000000000004,20.365409484616787,-8.090156782382824,-8.090156782382824
40.900000000000006,20.36021068355196,-8.088007811374451,-8.088007811374451
41.0,20.354118747066117,-8.085635722251208,-8.085635722251208
41.1,20.34713396181413,-8.083040610108347,-8.083040610108347
41.2,20.339256639074645,-8.080222576188856,-8.080222576188856
41.300000000000004,20.330487114738307,-8.077181727879626,-8.077181727879626
41.400000000000006,20.320825749295185,-8.073918178707851,-8.073918178707851
41.5,20.310272927821554,-8.07043204833701,-8.07043204833701
41.6,20.29882905996601,-8.066723462562699,-8.066723462562699
41.7,20.286494579934875,-8.062792553308444,-8.062792553308444
41.800000000000004,20.273269946477004,-8.058639458621187,-8.058639458621187
41.900000000000006,20.259155642867814,-8.054264322666599,-8.054264322666599
42.0,20.244152176892673,-8.049667295724499,-8.049667295724499
42.1,20.228260080829653,-8.044848534183613,-8.044848534183613
42.2,20.211479911431567,-8.039808200536637,-8.039808200536637
42.300000000000004,20.193812249907403,-8.034546463374879,-8.034546463374879
42.400000000000006,20.17525770190289,-8.029063497382817,-8.029063497382817
42.5,20.155816897480666,-8.023359483332417,-8.023359483332417
42.6,20.13549049109965,-8.01743460807738,-8.01743460807738
42.7,20.114279161593572,-8.011289064547128,-8.011289064547128
42.800000000000004,20.092183612149125,-8.004923051740793,-8.004923051740793
42.900000000000006,20.069204570283333,-7.998336774720708,-7.998336774720708
43.0,20.045342787820115,-7.991530444606106,-7.991530444606106
43.1,20.020599040866365,-7.984504278566435,-7.984504278566435
43.2,19.994974129787344,-7.977258499814547,-7.977258499814547
43.300000000000004,19.96846887918124,-7.969793337599796,-7.969793337599796
43.400000000000006,19.941084137853274,-7.9621090272007375,-7.9621090272007375
43.5,19.91282077878903,-7.9542058099180535,-7.9542058099180535
43.6,19.88367969912709,-7.946083933066893,-7.946083933066893
43.7,19.853661820131123,-7.937743649969397,-7.937743649969397
43.800000000000004,19.82276808716116,-7.929185219946831,-7.929185219946831
43.900000000000006,19.790999469644365,-7.920408908311567,-7.920408908311567
44.0,19.75835696104501,-7.911414986359114,-7.911414986359114
44.1,19.724841578833857,-7.902203731359686,-7.902203731359686
44.2,19.690454364456947,-7.892775426549845,-7.892775426549845
44.300000000000004,19.65519638330354,-7.883130361123819,-7.883130361123819
44.400000000000006,19.619068724673564,-7.873268830224793,-7.873268830224793
44.5,19.582072501744385,-7.863191134935897,-7.863191134935897
44.6,19.54420885153688,-7.8528975822711935,-7.8528975822711935
44.7,19.505478934880834,-7.842388485166303,-7.842388485166303
44.800000000000004,19.465883936379765,-7.8316641624690435,-7.8316641624690435
44.900000000000006,19.425425064375002,-7.820724938929842,-7.820724938929842
45.0,19.384103550909252,-7.809571145191928,-7.809571145191928
45.1,19.34192065168932,-7.798203117781471,-7.798203117781471
45.2,19.298877646048396,-7.786621199097519,-7.786621199097519
45.300000000000004,19.25497583690742,-7.774825737401721,-7.774825737401721
45.400000000000006,19.210216550736188,-7.762817086807896,-7.762817086807896
45.5,19.164601137513422,-7.7505956072716105,-7.7505956072716105
45.6,19.118130970686426,-7.738161664579286,-7.738161664579286
45.7,19.070807447130054,-7.725515630337456,-7.725515630337456
45.800000000000004,19.022631987105,-7.712657881961701,-7.712657881961701
45.900000000000006,18.97360603421544,-7.699588802665377,-7.699588802665377
46.0,18.92373105536609,-7.686308781448438,-7.686308781448438
46.1,18.873008540718654,-7.672818213085625,-7.672818213085625
46.2,18.821440003647506,-7.6591174981151795,-7.6591174981151795
46.300000000000004,18.769026980694793,-7.645207042826714,-7.645207042826714
46.400000000000006,18.715771031524998,-7.631087259249285,-7.631087259249285
46.5,18.661673738878815,-7.6167585651394205,-7.6167585651394205
46.6,18.606736708526196,-7.602221383968583,-7.602221383968583
46.7,18.550961569219165,-7.587476144910913,-7.587476144910913
46.800000000000004,18.494349972643636,-7.572523282830505,-7.572523282830505
46.900000000000006,18.43690359337086,-7.557363238268639,-7.557363238268639
47.0,18.378624128807992,-7.541996457430957,-7.541996457430957
47.1,18.319513299148305,-7.526423392174281,-7.526423392174281
47.2,18.259572847320655,-7.510644499993405,-7.510644499993405
47.300000000000004,18.198804538938212,-7.494660244007818,-7.494660244007818
47.400000000000006,18.137210162246788,-7.47847109294796,-7.47847109294796
47.5,18.074791528072463,-7.462077521141757,-7.462077521141757
47.6,18.011550469768405,-7.445480008500578,-7.445480008500578
47.7,17.947488843161505,-7.428679040505453,-7.428679040505453
47.800000000000004,17.882608526497865,-7.411675108192687,-7.411675108192687
47.900000000000006,17.816911420388173,-7.394468708139697,-7.394468708139697
48.0,17.75039944775209,-7.377060342450637,-7.377060342450637
48.1,17.68307455376224,-7.359450518741596,-7.359450518741596
48.2,17.614938705787534,-7.341639750125969,-7.341639750125969
48.300000000000004,17.54599389333589,-7.323628555199586,-7.323628555199586
48.400000000000006,17.476242127996315,-7.3054174580256035,-7.3054174580256035
48.5,17.405685443380413,-7.287006988119239,-7.287006988119239
48.6,17.33432589506332,-7.268397680432621,-7.268397680432621
48.7,17.262165560524068,-7.24959007533905,-7.24959007533905
48.800000000000004,17.189206539085152,-7.230584718617544,-7.230584718617544
48.900000000000006,17.115450951851802,-7.2113821614369344,-7.2113821614369344
49.0,17.040900941650392,-7.191982960340039,-7.191982960340039
49.1,16.965558672966445,-7.172387677227404,-7.172387677227404
49.2,16.88942633188194,-7.152596879341252,-7.152596879341252
49.300000000000004,16.81250612601211,-7.132611139249021,-7.132611139249021
49.400000000000006,16.734800284441533,-7.112431034826792,-7.112431034826792
49.5,16.656311057659792,-7.092057149242765,-7.092057149242765
49.6,16.577040717496434,-7.071490070940322,-7.071490070940322
49.7,16.496991557055402,-7.050730393621122,-7.050730393621122
49.800000000000004,16.41616589064884,-7.029778716228034,-7.029778716228034
49.900000000000006,16.334566053730473,-7.008635642927812,-7.008635642927812
50.0,16.25219440282812,-6.987301783093798,-6.987301783093798
50.1,16.169053315475995,-6.965777751288409,-6.965777751288409
50.2,16.085145190146108,-6.94406416724538,-6.94406416724538
50.300000000000004,16.00047244617926,-6.922161655852038,-6.922161655852038
50.400000000000006,15.915037523715549,-6.9000708471313645,-6.9000708471313645
50.5,15.828842883624153,-6.877792376223861,-6.877792376223861
50.6,15.741891007432534,-6.855326883369346,-6.855326883369346
50.7,15.654184397255273,-6.8326750138886325,-6.8326750138886325
50.800000000000004,15.565725575722192,-6.809837418164937,-6.809837418164937
50.900000000000006,15.476517085905915,-6.786814751625393,-6.786814751625393
51.0,15.38656149124896,-6.763607674722096,-6.763607674722096
51.1,15.29586137549024,-6.740216852913366,-6.740216852913366
51.2,15.204419342590942,-6.716642956644623,-6.716642956644623
51.300000000000004,15.11223801665997,-6.692886661329131,-6.692886661329131
51.400000000000006,15.019320041878837,-6.66894864732886,-6.66894864732886
51.5,14.92566808242589,-6.644829599934865,-6.644829599934865
51.6,14.83128482240005,-6.620530209347878,-6.620530209347878
51.7,14.73617296574416,-6.596051170658355,-6.596051170658355
51.800000000000004,14.640335236167514,-6.571393183826882,-6.571393183826882
51.900000000000006,14.543774377068114,-6.546556953664071,-6.546556953664071
52.0,14.446493151454291,-6.521543189810406,-6.521543189810406
52.1,14.348494341865658,-6.496352606716039,-6.496352606716039
52.2,14.249780750293791,-6.470985923620562,-6.470985923620562
52.300000000000004,14.150355198102236,-6.445443864532258,-6.445443864532258
52.400000000000006,14.050220525945983,-6.419727158207586,-6.419727158207586
52.5,13.949379593690388,-6.393836538130515,-6.393836538130515
52.6,13.847835280329782,-6.3677727424915,-6.3677727424915
52.7,13.74559048390524,-6.3415365141665365,-6.3415365141665365
52.800000000000004,13.642648121422209,-6.315128600695927,-6.315128600695927
52.900000000000006,13.539011128767203,-6.288549754263196,-6.288549754263196
53.0,13.434682460624359,-6.26180073167352,-6.26180073167352
53.1,13.329665090391272,-6.23488229433231,-6.23488229433231
53.2,13.223962010094404,-6.207795208223533,-6.207795208223533
53.300000000000004,13.117576230303996,-6.180540243887968,-6.180540243887968
53.400000000000006,13.01051078004835,-6.1531181764013265,-6.1531181764013265
53.5,12.902768706727866,-6.125529785352148,-6.125529785352148
53.6,12.794353076028315,-6.097775854819793,-6.097775854819793
53.7,12.685266971833759,-6.069857173352182,-6.069857173352182
53.800000000000004,12.575513496139024,-6.0417745339432845,-6.0417745339432845
53.900000000000006,12.465095768961543,-6.013528734010848,-6.013528734010848
54.0,12.354016928252793,-5.985120575373548,-5.985120575373548
54.1,12.242280129809311,-5.956550864228399,-5.956550864228399
54.2,12.129888547183059,-5.92782041112794,-5.92782041112794
54.300000000000004,12.016845371591515,-5.8989300309570964,-5.8989300309570964
54.400000000000006,11.903153811827089,-5.869880542910319,-5.869880542910319
54.5,11.788817094166259,-5.840672770468174,-5.840672770468174
54.6,11.673838462278049,-5.811307541374222,-5.811307541374222
54.7,11.558221177132197,-5.781785687611399,-5.781785687611399
54.800000000000004,11.44196851690672,-5.752108045378658,-5.752108045378658
54.900000000000006,11.325083776895193,-5.722275455067126,-5.722275455067126
55.0,11.207570269413285,-5.6922887612365445,-5.6922887612365445
55.1,11.08943132370524,-5.662148812591233,-5.662148812591233
55.2,10.970670285849485,-5.6318564619560805,-5.6318564619560805
55.300000000000004,10.851290518664042,-5.60141256625262,-5.60141256625262
55.400000000000006,10.731295401611414,-5.570817986474597,-5.570817986474597
55.5,10.610688330703109,-5.540073587663829,-5.540073587663829
55.6,10.489472718403471,-5.50918023888562,-5.50918023888562
55.7,10.367651993533443,-5.47813881320444,-5.47813881320444
55.800000000000004,10.245229601173548,-5.446950187658944,-5.446950187658944
55.900000000000006,10.122209002566645,-5.415615243237588,-5.415615243237588
56.0,9.99859367502011,-5.384134864853527,-5.384134864853527
56.1,9.874387111807758,-5.352509941319684,-5.352509941319684
56.2,9.749592822071168,-5.3207413653238245,-5.3207413653238245
56.300000000000004,9.624214330720674,-5.2888300334032055,-5.2888300334032055
56.400000000000006,9.49825517833588,-5.256776845919416,-5.256776845919416
56.5,9.37171892106584,-5.224582707032913,-5.224582707032913
56.6,9.24460913052876,-5.192248524677673,-5.192248524677673
56.7,9.116929393711233,-5.159775210535522,-5.159775210535522
56.800000000000004,8.988683312867204,-5.127163680010396,-5.127163680010396
56.900000000000006,8.859874505416366,-5.0944148522027355,-5.0944148522027355
57.0,8.730506603842333,-5.061529649883408,-5.061529649883408
57.1,8.600583255590177,-5.028508999467972,-5.028508999467972
57.2,8.47010812296386,-4.995353830990327,-4.995353830990327
57.300000000000004,8.33908488302295,-4.962065078076765,-4.962065078076765
57.400000000000006,8.207517227479176,-4.928643677919632,-4.928643677919632
57.5,8.075408862592527,-4.895090571250917,-4.895090571250917
57.6,7.94276350906691,-4.861406702315912,-4.861406702315912
57.7,7.809584901945494,-4.827593018846534,-4.827593018846534
57.800000000000004,7.675876790505604,-4.793650472034789,-4.793650472034789
57.900000000000006,7.5416429381533225,-4.759580016505959,-4.759580016505959
58.0,7.4068871223176735,-4.72538261029188,-4.72538261029188
58.1,7.271613134344311,-4.691059214803976,-4.691059214803976
58.2,7.1358247793891385,-4.656610794806138,-4.656610794806138
58.300000000000004,6.999525876311211,-4.622038318387844,-4.622038318387844
58.400000000000006,6.862720257565488,-4.587342756936866,-4.587342756936866
58.5,6.7254117690952055,-4.552525085111956,-4.552525085111956
58.6,6.587604270223858,-4.51758628081561,-4.51758628081561
58.7,6.449301633546738,-4.4825273251665285,-4.4825273251665285
58.800000000000004,6.31050774482233,-4.447349202472156,-4.447349202472156
58.900000000000006,6.171226502863136,-4.41205290020098,-4.41205290020098
59.0,6.031461819426309,-4.37663940895492,-4.37663940895492
59.1,5.8912176191039185,-4.341109722441585,-4.341109722441585
59.2,5.7504978392127155,-4.305464837446253,-4.305464837446253
59.300000000000004,5.609306429683865,-4.269705753804092,-4.269705753804092
59.400000000000006,5.46764735295203,-4.233833474372131,-4.233833474372131
59.5,5.3255245838443575,-4.197849005000986,-4.197849005000986
59.6,5.1829421094689545,-4.16175335450688,-4.16175335450688
59.7,5.039903929103216,-4.125547534643321,-4.125547534643321
59.800000000000004,4.896414054081739,-4.089232560072661,-4.089232560072661
59.900000000000006,4.752417423286308,-4.587705841836477,-4.587705841836477
60.0,4.607858975598658,-5.086179123600293,-5.086179123600293
60.1,4.462683649900652,-5.58465240536411,-5.58465240536411
60.2,4.316836385073999,-6.083125687127926,-6.083125687127926
60.300000000000004,4.170262120000509,-6.581598968891742,-6.581598968891742
60.400000000000006,4.0229057935619705,-7.080072250655558,-7.080072250655558
60.5,3.874739195012987,-7.335466679402347,-7.335466679402347
60.6,3.725770615943791,-7.260402163599421,-7.260402163599421
60.7,3.576008391143976,-7.184946559325781,-7.184946559325781
60.800000000000004,3.42546089813656,-7.109104086315687,-7.109104086315687
60.900000000000006,3.2741365567094505,-7.0328789851132765,-7.0328789851132765
61.0,3.122043828444748,-6.95627551683556,-6.95627551683556
61.1,2.969191216245964,-6.8792979629344755,-6.8792979629344755
61.2,2.8155872638627435,-6.801950624957423,-6.801950624957423
61.300000000000004,2.661240555413526,-6.724237824307302,-6.724237824307302
61.400000000000006,2.5061597149060995,-6.646163902001021,-6.646163902001021
61.5,2.350353405755933,-6.567733218427025,-6.567733218427025
61.6,2.1938303303024567,-6.48895015310215,-6.48895015310215
61.7,2.036599229323069,-6.409819104426838,-6.409819104426838
61.800000000000004,1.878668881545446,-6.3303444894400664,-6.3303444894400664
61.900000000000006,1.72004810315743,-6.250530743572475,-6.250530743572475
62.0,1.5607457473151876,-6.170382320399292,-6.170382320399292
62.1,1.400770703649232,-6.089903691391736,-6.089903691391736
62.2,1.240131897768639,-6.009099345667695,-6.009099345667695
62.300000000000004,1.0788382907631484,-5.927973789741468,-5.927973789741468
62.400000000000006,0.9168988787035898,-5.846531547272439,-5.846531547272439
62.5,0.7543226921402694,-5.764777158813041,-5.764777158813041
62.6,0.5911187955995784,-5.682715181555673,-5.682715181555673
62.7,0.42729628707889483,-5.600350189078734,-5.600350189078734
62.800000000000004,0.2628642975394509,-5.517686771091846,-5.517686771091846
62.900000000000006,0.09783199039772358,-5.434729533180239,-5.434729533180239
63.0,-0.06779143898503116,-5.35148309654825,-5.35148309654825
63.1,-0.23399696129424138,-5.26973989530283,-5.26973989530283
63.2,-0.40077531547561734,-5.185898733311111,-5.185898733311111
63.300000000000004,-0.5681172100498868,-5.10178213116882,-5.10178213116882
63.400000000000006,-0.7360133236301821,-5.017394773355515,-5.017394773355515
63.5,-0.9044543054411832,-4.932741358690878,-4.932741358690878
63.6,-1.073430775839609,-4.847826600072896,-4.847826600072896
63.7,-1.242933326836388,-4.7626552242158775,-4.7626552242158775
63.800000000000004,-1.4129525226202033,-4.677231971387237,-4.677231971387237
63.900000000000006,-1.5834789000826144,-4.591561595143898,-4.591561595143898
64.0,-1.7545029693446301,-4.505648862067743,-4.505648862067743
64.10000000000001,-1.9260152142844527,-4.41949855150066,-4.41949855150066
64.2,-2.098006093066974,-4.333115455278565,-4.333115455278565
64.3,-2.27046603867432,-4.246504377465145,-4.246504377465145
64.4,-2.443385459437868,-4.159670134084737,-4.159670134084737
64.5,-2.6167547395714585,-4.072617552854551,-4.072617552854551
64.60000000000001,-2.7905642397060615,-3.9853514729164288,-3.9853514729164288
64.7,-2.9648042974253292,-3.8978767445679416,-3.8978767445679416
64.8,-3.139465227802781,-3.810198228992826,-3.810198228992826
64.9,-3.3145373239397475,-3.722320797991032,-3.722320797991032
65.0,-3.4900108575047684,-3.6342493337080284,-3.6342493337080284
65.10000000000001,-3.665876079273981,-3.5459887283637537,-3.5459887283637537
65.2,-3.842123219672554,-3.4575438839809225,-3.4575438839809225
65.3,-4.01874248931721,-3.368919712112709,-3.368919712112709
65.4,-4.195724079559775,-3.2801211335704084,-3.2801211335704084
65.5,-4.373058163031786,-3.1911530781499473,-3.1911530781499473
65.60000000000001,-4.550734894189971,-3.1020204843585306,-3.1020204843585306
65.7,-4.728744409862593,-3.0127282991406243,-3.0127282991406243
65.8,-4.907076829796885,-2.9232814776031977,-2.9232814776031977
65.9,-5.085722257207278,-2.8336849827412496,-2.8336849827412496
66.0,-5.264670779324389,-2.7439437851621533,-2.7439437851621533
66.10000000000001,-5.443912467944848,-2.654062862810242,-2.654062862810242
66.2,-5.623437379982124,-2.564047200690682,-2.564047200690682
66.3,-5.803235558017645,-2.4739017905930494,-2.4739017905930494
66.4,-5.983297030853129,-2.3836316308146337,-2.3836316308146337
66.5,-6.1636118140632785,-2.2932417258834574,-2.2932417258834574
66.60000000000001,-6.344169910549279,-2.202737086280801,-2.202737086280801
66.7,-6.524961311092852,-2.112122728163622,-2.112122728163622
66.8,-6.705975994910942,-2.0214036730866183,-2.0214036730866183
66.9,-6.887203930210963,-1.9305849477240375,-1.9305849477240375
67.0,-7.0686350747465365,-1.8396715835912794,-1.8396715835912794
67.10000000000001,-7.250259376373903,-1.7486686167660688,-1.7486686167660688
67.2,-7.432066773608501,-1.657581087609885,-1.657581087609885
67.3,-7.614047196182295,-1.5664140404885611,-1.5664140404885611
67.4,-7.796190565601369,-1.475172523493211,-1.475172523493211
67.5,-7.978486795703797,-1.3838615881607192,-1.3838615881607192
67.60000000000001,-8.160925793218196,-1.2924862891941826,-1.2924862891941826
67.7,-8.34349745832218,-1.2010516841832461,-1.2010516841832461
67.8,-8.52619168520143,-1.1095628333241256,-1.1095628333241256
67.9,-8.708998362608856,-1.0180247991397309,-1.0180247991397309
68.0,-8.891907374424022,-0.9264426461996284,-0.9264426461996284
68.10000000000001,-9.074908600212767,-0.8348214408399356,-0.8348214408399356
68.2,-9.257991915787063,-0.7431662508830353,-0.7431662508830353
68.3,-9.44114719376484,-0.6514821453575192,-0.6514821453575192
68.4,-9.624364304130024,-0.5597741942177803,-0.5597741942177803
68.5,-9.807633114792736,-0.4680474680637409,-0.4680474680637409
68.60000000000001,-9.990943492149315,-0.3763070378608193,-0.3763070378608193
68.7,-10.174285299120074,-0.28453513905882466,-0.28453513905882466
68.8,-10.357648296970964,-0.19184295402261398,-0.19184295402261398
68.9,-10.541022145855456,-0.09823538810360027,-0.09823538810360027
69.0,-10.724396405376602,-0.0037175309344415148,-0.0037175309344415148
69.10000000000001,-10.907760535166574,0.09170537225404084,0.09170537225404084
69.2,-11.091103895481107,0.1880279392230095,0.1880279392230095
69.3,-11.274415747807781,0.2852446627558883,0.2852446627558883
69.4,-11.457685255487425,0.38334991842603006,0.38334991842603006
69.5,-11.640901484347655,0.4823379695957256,0.4823379695957256
69.60000000000001,-11.82405340334863,0.5822029706181023,0.5822029706181023
69.7,-12.007129885240591,0.6829389688733362,0.6829389688733362
69.8,-12.190119707233016,0.7845399060504442,0.7845399060504442
69.9,-12.37301155167547,0.8869996189414026,0.8869996189414026
70.0,-12.555794006749842,0.9903118399215347,0.9903118399215347
70.10000000000001,-12.738455567174265,1.0944701972290618,1.0944701972290618
70.2,-12.920984634918339,1.1994682151174565,1.1994682151174565
70.3,-13.103369519929918,1.30529931392833,1.30529931392833
70.4,-13.285598440873438,1.4119568101157343,1.4119568101157343
70.5,-13.467659525879636,1.5194339162427875,1.5194339162427875
70.60000000000001,-13.64954081330669,1.627723740963011,1.627723740963011
70.7,-13.831230252512997,1.7368192889953697,1.7368192889953697
70.8,-14.012715704641321,1.846713461098987,1.846713461098987
70.9,-14.193984943414486,1.9573990540503448,1.9573990540503448
71.0,-14.375025655942476,2.068868760626162,2.068868760626162
71.10000000000001,-14.555825443541089,2.1811151695930455,2.1811151695930455
71.2,-14.736371822562125,2.2941307657053227,2.2941307657053227
71.3,-14.91665222523493,2.4079079297114836,2.4079079297114836
71.4,-15.096654000519553,2.522438938369684,2.522438938369684
71.5,-15.276364414971285,2.6377159644730557,2.6377159644730557
71.60000000000001,-15.455770653616808,2.7537310768844017,2.7537310768844017
71.7,-15.634859820841646,2.870476240581204,2.870476240581204
71.8,-15.813618941289219,2.987943316710177,2.987943316710177
71.9,-15.992034960771399,3.1061240626525177,3.1061240626525177
72.0,-16.17009474719026,3.2250101320988582,3.2250101320988582
72.10000000000001,-16.34778509147163,3.3445930751350033,3.3445930751350033
72.2,-16.5250927085098,3.464864338337561,3.464864338337561
72.3,-16.702004238123767,3.5858152648803574,3.5858152648803574
72.4,-16.878506246024926,3.707437094651115,3.707437094651115
72.5,-17.05458522479595,3.8297209643788457,3.8297209643788457
72.60000000000001,-17.230227594881462,3.952657907771641,3.952657907771641
72.7,-17.40541970558953,4.076238855665172,4.076238855665172
72.8,-17.580147836105,4.200454636181879,4.200454636181879
72.9,-17.75439819651378,4.325295974900963,4.325295974900963
73.0,-17.928156928838774,4.450753495038915,4.450753495038915
73.10000000000001,-18.10141010808672,4.576817717641098,4.576817717641098
73.2,-18.274143743306702,4.703479061784214,4.703479061784214
73.3,-18.446343778659493,4.830727844789333,4.830727844789333
73.4,-18.617999045449707,4.93183905425997,4.93183905425997
73.5,-18.789100130857566,5.01705416264401,5.01705416264401
73.60000000000001,-18.959637653933015,5.101980751949625,5.101980751949625
73.7,-19.129602266109742,5.186614167693983,5.186614167693983
73.8,-19.29898465171761,5.270949772210816,5.270949772210816
73.9,-19.46777552849284,5.354982944904622,5.354982944904622
74.0,-19.635965648086717,5.438709082503569,5.438709082503569
74.10000000000001,-19.803545796571942,5.5221235993115565,5.5221235993115565
74.2,-19.970506794947298,5.605221927459426,5.605221927459426
74.3,-20.136839499640118,5.687999517154826,5.687999517154826
74.4,-20.30253500455484,5.768627205821425,5.768627205821425
74.5,-20.467584241732297,5.850720260275369,5.850720260275369
74.60000000000001,-20.6319781801127,5.932479260533559,5.932479260533559
74.7,-20.795707826029794,6.013899734803675,6.013899734803675
74.8,-20.958764223702524,6.094977230584982,6.094977230584982
74.9,-21.12113845572466,6.1757073149119215,6.1757073149119215
75.0,-21.282821643552452,6.256085574596234,6.256085574596234
75.10000000000001,-21.443804947989786,6.33610761646822,6.33610761646822
75.2,-21.60407956967116,6.415769067616579,6.415769067616579
75.3,-21.76363674954259,6.495065575627416,6.495065575627416
75.4,-21.922467769339914,6.573992808821946,6.573992808821946
75.5,-22.08056395206519,6.652546456492941,6.652546456492941
75.60000000000001,-22.237916662460222,6.730722229140014,6.730722229140014
75.7,-22.39451730747827,6.808515858703904,6.808515858703904
75.8,-22.55035733675289,6.8859230987992355,6.8859230987992355
75.9,-22.705428243064755,6.962939724946197,6.962939724946197
76.0,-22.859721562805685,7.039561534801196,7.039561534801196
76.10000000000001,-23.013228876440476,7.115784348385728,7.115784348385728
76.2,-23.165941808966082,7.191604008314582,7.191604008314582
76.3,-23.317852030368297,7.267016380022314,7.267016380022314
76.4,-23.46895125607594,7.34201735198862,7.34201735198862
76.5,-23.619231247412415,7.416602835962498,7.416602835962498
76.60000000000001,-23.768683812044774,7.490768767184821,7.490768767184821
76.7,-23.917300804429985,7.564511104609934,7.564511104609934
76.80000000000001,-24.065074126258725,7.637825831125518,7.637825831125518
76.9,-24.211995726896458,7.710708953771432,7.710708953771432
77.0,-24.358057603821702,7.7831565039571124,7.7831565039571124
77.10000000000001,-24.503251803061822,7.855164537677372,7.855164537677372
77.2,-24.647570419625797,7.9267291357272285,7.9267291357272285
77.30000000000001,-24.791005597934575,7.997846403914886,7.997846403914886
77.4,-24.933549532248158,8.068512473273659,8.068512473273659
77.5,-25.07519446709038,8.138723500272304,8.138723500272304
77.60000000000001,-25.215995463579507,7.640250218508488,7.640250218508488
77.7,-25.35600758283371,7.141776936744671,7.141776936744671
77.80000000000001,-25.495285885971214,6.643303654980855,6.643303654980855
77.9,-25.633885434110248,6.144830373217039,6.144830373217039
78.0,-25.771861288369042,5.646357091453223,5.646357091453223
78.10000000000001,-25.909268509865786,5.147883809689406,5.147883809689406
78.2,-26.0461621597187,4.649410527925591,4.649410527925591
78.30000000000001,-26.18253921518525,4.67677568948275,4.67677568948275
78.4,-26.31839597780096,4.710258222709079,4.710258222709079
78.5,-26.45372876396289,4.743606213347762,4.743606213347762
78.60000000000001,-26.588533905029355,4.776818758110873,4.776818758110873
78.7,-26.722807747419303,4.809894957571394,4.809894957571394
78.80000000000001,-26.85654665271131,4.842833916187645,4.842833916187645
78.9,-26.989746997741875,4.875634742327362,4.875634742327362
79.0,-27.122405174703733,4.908296548292045,4.908296548292045
79.10000000000001,-27.254517591243243,4.940818450340647,4.940818450340647
79.2,-27.38608067055769,4.9731995687136985,4.9731995687136985
79.30000000000001,-27.517090851492007,5.00543902765699,5.00543902765699
79.4,-27.647544588634993,5.037535955445267,5.037535955445267
79.5,-27.77743835241533,5.069489484405685,5.069489484405685
79.60000000000001,-27.90676862919673,5.101298750941353,5.101298750941353
79.7,-28.035531921373053,5.132962895554609,5.132962895554609
79.80000000000001,-28.163724747462762,5.164481062870137,5.164481062870137
79.9,-28.291343642202907,5.195852401658193,5.195852401658193
80.0,-28.41833354447525,5.694325683422009,5.694325683422009
80.10000000000001,-28.544639393161624,6.192798965185825,6.192798965185825
80.2,-28.670206127143764,6.691272246949642,6.691272246949642
80.30000000000001,-28.794978685303462,7.189745528713457,7.189745528713457
80.4,-28.918902006522522,7.688218810477275,7.688218810477275
80.5,-29.041921029682705,8.18669209224109,8.18669209224109
80.60000000000001,-29.163980693665803,8.685165374004905,8.685165374004905
80.7,-29.28502593735359,9.183638655768721,9.183638655768721
80.80000000000001,-29.405001699627867,9.682111937532536,9.682111937532536
80.9,-29.523852919370384,10.180585219296352,10.180585219296352
81.0,-29.641541447077596,10.525956124708813,10.525956124708813
81.10000000000001,-29.758064186131463,10.553990087504882,10.553990087504882
81.2,-29.8734180725253,10.581728817248681,10.581728817248681
81.30000000000001,-29.987600074944012,10.609171586888285,10.609171586888285
81.4,-30.100607194843523,10.636317677642959,10.636317677642959
81.5,-30.212436466529173,10.663166379021948,10.663166379021948
81.60000000000001,-30.323084957233455,10.689716988843065,10.689716988843065
81.7,-30.43254976719253,10.715968813250939,10.715968813250939
81.80000000000001,-30.5408280297219,10.741921166735025,10.741921166735025
81.9,-30.64791691129139,10.767573372147542,10.767573372147542
82.0,-30.753813611598794,10.792924760720906,10.792924760720906
82.10000000000001,-30.858515363643015,10.817974672085283,10.817974672085283
82.2,-30.96201943379598,10.842722454285642,10.842722454285642
82.30000000000001,-31.064323121873713,10.867167463798582,10.867167463798582
82.4,-31.165423761206515,10.891309065549015,10.891309065549015
82.5,-31.26531871870826,10.915146632926701,10.915146632926701
82.60000000000001,-31.364005394944453,10.93867954780225,10.93867954780225
82.7,-31.461481224199797,10.961907200543239,10.961907200543239
82.80000000000001,-31.557743674544508,10.98482899002982,10.98482899002982
82.9,-31.652790247899738,11.007444323670255,11.007444323670255
83.0,-31.746618480102104,11.029752617416085,11.029752617416085
83.10000000000001,-31.839225940967275,11.051753295777168,11.051753295777168
83.2,-31.930610234352653,11.073445791836514,11.073445791836514
83.30000000000001,-32.02076899821887,11.094829547264675,11.094829547264675
83.4,-32.109699904690736,11.115904012334108,11.115904012334108
83.5,-32.197400660116806,11.136668645933204,11.136668645933204
83.60000000000001,-32.28386900512834,11.157122915580096,11.157122915580096
83.7,-32.369102714697085,11.177266297436235,11.177266297436235
83.80000000000001,-32.45309959819222,11.197098276319647,11.197098276319647
83.9,-32.53585749943631,11.216618345718112,11.216618345718112
84.0,-32.61737429676026,11.235826007801958,11.235826007801958
84.10000000000001,-32.697647903057394,11.254720773436615,11.254720773436615
84.2,-32.77667626583644,11.27330216219506,11.27330216219506
84.30000000000001,-32.854457367273746,11.291569702369916,11.291569702369916
84.4,-32.93098922426432,11.309522930985233,11.309522930985233
84.5,-33.00626988847208,11.32716139380823,11.32716139380823
84.60000000000001,-33.08029744637903,11.344484645360641,11.344484645360641
84.7,-33.15307001933348,11.36149224892987,11.36149224892987
84.80000000000001,-33.2245857635973,11.378183776579863,11.378183776579863
84.9,-33.29484287039235,11.39455880916176,11.39455880916176
85.0,-33.36383956594561,11.410616936324375,11.410616936324375
85.10000000000001,-33.431574111533706,11.426357756524276,11.426357756524276
85.2,-33.498044803526156,11.441780877035834,11.441780877035834
85.30000000000001,-33.563249973427894,11.456885913960692,11.456885913960692
85.4,-33.62718798792061,11.471672492237461,11.471672492237461
85.5,-33.68985724890322,11.486140245650683,11.486140245650683
85.60000000000001,-33.751256193531404,11.50028881683988,11.50028881683988
85.7,-33.811383294256,11.514117857308273,11.514117857308273
85.80000000000001,-33.87023705886062,11.527627027431201,11.527627027431201
85.9,-33.9278160304981,11.54081599646424,11.54081599646424
86.0,-33.98411878772607,11.553684442551303,11.553684442551303
86.10000000000001,-34.03914394454161,11.566232052732373,11.566232052732373
86.2,-34.09289015041466,11.578458522950717,11.578458522950717
86.30000000000001,-34.14535609032083,11.59036355806036,11.59036355806036
86.4,-34.19654048477283,11.601946871833034,11.601946871833034
86.5,-34.24644208985129,11.613208186964737,11.613208186964737
86.60000000000001,-34.29505969723416,11.624147235082328,11.624147235082328
86.7,-34.34239213422561,11.63476375674985,11.63476375674985
86.80000000000001,-34.388438263783584,11.645057501474204,11.645057501474204
86.9,-34.43319698454644,11.655028227711288,11.655028227711288
87.0,-34.47666723085872,11.664675702871108,11.664675702871108
87.10000000000001,-34.51884797279587,11.673999703323272,11.673999703323272
87.2,-34.559738216187846,11.683000014401909,11.683000014401909
87.30000000000001,-34.5993370026419,11.691676430410304,11.691676430410304
87.4,-34.637643409564376,11.700028754625514,11.700028754625514
87.5,-34.674656550181325,11.708056799302641,11.708056799302641
87.60000000000001,-34.71037557355829,11.715760385678644,11.715760385678644
87.7,-34.74479966461908,11.723139343976344,11.723139343976344
87.80000000000001,-34.77792804416358,11.730193513407597,11.730193513407597
87.9,-34.80975996888442,11.736922742176944,11.736922742176944
88.0,-34.84029473138281,11.743326887484251,11.743326887484251
88.10000000000001,-34.869531660183256,11.749405815527622,11.749405815527622
88.2,-34.89747011974744,11.755159401505953,11.755159401505953
88.30000000000001,-34.92410951048697,11.760587529621072,11.760587529621072
88.4,-34.94944926877511,11.765690093079805,11.765690093079805
88.5,-34.97348886695772,11.770466994095711,11.770466994095711
88.60000000000001,-34.99622781336292,11.77491814389058,11.77491814389058
88.7,-35.01766565230997,11.779043462695771,11.779043462695771
88.80000000000001,-35.03780196411713,11.782842879753128,11.782842879753128
88.9,-35.05663636510838,11.786316333315721,11.786316333315721
89.0,-35.0741685076193,11.7894637706485,11.7894637706485
89.10000000000001,-35.09039808000192,11.792285148028391,11.792285148028391
89.2,-35.1053248066285,11.79478043074442,11.79478043074442
89.30000000000001,-35.11894844789443,11.796949593097422,11.796949593097422
89.4,-35.131268800220006,11.798792618399593,11.798792618399593
89.5,-35.142285696051346,11.800309498973704,11.800309498973704
89.60000000000001,-35.15199900386017,11.801500236152203,11.801500236152203
89.7,-35.16040862814277,11.802364840275898,11.802364840275898
89.80000000000001,-35.16751450941773,11.802903330692505,11.802903330692505
89.9,-35.17331662422287,11.803115735754922,11.803115735754922
90.0,-35.177814985111176,11.803002092819343,11.803002092819343
90.10000000000001,-35.181009640645534,11.802562448242861,11.802562448242861
90.2,-35.182900675392766,11.801796857381056,11.801796857381056
90.30000000000001,-35.18348820991643,11.80070538458539,11.80070538458539
90.4,-35.18277240076874,11.799288103200103,11.799288103200103
90.5,-35.18075344048145,11.797545095558997,11.797545095558997
90.60000000000001,-35.17743155755586,11.795476452982088,11.795476452982088
90.7,-35.17280701645164,11.79308227577174,11.79308227577174
90.80000000000001,-35.16688011757473,11.7903626732088,11.7903626732088
90.9,-35.15965119726443,11.78731776354848,11.78731776354848
91.0,-35.15112062777916,11.783947674015556,11.783947674015556
91.10000000000001,-35.14128881728157,11.780252540800124,11.780252540800124
91.2,-35.130156209822445,11.77623250905233,11.77623250905233
91.30000000000001,-35.11772328532365,11.771887732877259,11.771887732877259
91.4,-35.10399055956016,11.767218375329477,11.767218375329477
91.5,-35.08895858414109,11.762224608407426,11.762224608407426
91.60000000000001,-35.072627946489575,11.756906613047406,11.756906613047406
91.7,-35.05499926982203,11.751264579117404,11.751264579117404
91.80000000000001,-35.03607321312597,11.745298705410645,11.745298705410645
91.9,-35.015850471137156,11.739009199639012,11.739009199639012
92.0,-34.99433177431567,11.732396278425977,11.732396278425977
92.10000000000001,-34.971517888821,11.72546016729959,11.72546016729959
92.2,-34.947409616486176,11.71820110068498,11.71820110068498
92.30000000000001,-34.92200779479078,11.71061932189674,11.71061932189674
92.4,-34.895313296833265,11.702715083130917,11.702715083130917
92.5,-34.86732703130191,11.694488645457072,11.694488645457072
92.60000000000001,-34.83804994244519,11.685940278809728,11.685940278809728
92.7,-34.807483010040905,11.677070261979773,11.677070261979773
92.80000000000001,-34.775627249364355,11.667878882605686,11.667878882605686
92.9,-34.742483711155714,11.658366437164192,11.658366437164192
93.0,-34.70805348158614,11.6485332309612,11.6485332309612
93.10000000000001,-34.672337682223315,11.638379578121983,11.638379578121983
93.2,-34.63533746999544,11.627905801581335,11.627905801581335
93.30000000000001,-34.59705403715495,11.617112233073613,11.617112233073613
93.4,-34.55748861124066,11.605999213122379,11.605999213122379
93.5,-34.51664245503923,11.594567091029683,11.594567091029683
93.60000000000001,-34.4745168665457,11.582816224865404,11.582816224865404
93.7,-34.431113178922864,11.570746981456182,11.570746981456182
93.80000000000001,-34.38643276045985,11.558359736374051,11.558359736374051
93.9,-34.34047701452959,11.54565487392497,11.54565487392497
94.0,-34.293247379545555,11.532632787136967,11.532632787136967
94.10000000000001,-34.24474532891723,11.519293877748325,11.519293877748325
94.2,-34.19497237100486,11.505638556195056,11.505638556195056
94.30000000000001,-34.14393004907306,11.491667241598597,11.491667241598597
94.4,-34.09161994124374,11.477380361753053,11.477380361753053
94.5,-34.03804366044769,11.462778353112219,11.462778353112219
94.60000000000001,-33.9832028543756,11.447861660776297,11.447861660776297
94.7,-33.92709920542773,11.432630738478647,11.432630738478647
94.80000000000001,-33.86973443066311,11.417086048571855,11.417086048571855
94.9,-33.81111028174722,11.401228062014036,11.401228062014036
95.0,-33.75122854489925,11.385057258354644,11.385057258354644
95.10000000000001,-33.69009104083809,11.368574125719944,11.368574125719944
95.2,-33.627699624727434,11.351779160798573,11.351779160798573
95.30000000000001,-33.56405618612006,11.334672868826551,11.334672868826551
95.4,-33.49916264890101,11.317255763572337,11.317255763572337
95.5,-33.43302097122994,11.299528367321333,11.299528367321333
95.60000000000001,-33.365633145482406,11.281491210860443,11.281491210860443
95.7,-33.29700119819045,11.263144833462325,11.263144833462325
95.80000000000001,-33.22712718998194,11.244489782869161,11.244489782869161
95.9,-33.15601321551923,11.225526615276678,11.225526615276678
96.0,-33.08366140343672,11.20625589531748,11.20625589531748
96.10000000000001,-33.01007391627767,11.186678196044383,11.186678196044383
96.2,-32.935252950429806,11.166794098913527,11.166794098913527
96.30000000000001,-32.85920073606036,11.146604193767041,11.146604193767041
96.4,-32.781919537049816,11.126109078815919,11.126109078815919
96.5,-32.703411650925,11.105309360622021,11.105309360622021
96.60000000000001,-32.62367940879117,11.08420565408052,11.08420565408052
96.7,-32.54272517526314,11.062798582401728,11.062798582401728
96.80000000000001,-32.460551348395526,11.041088777092662,11.041088777092662
96.9,-32.37716035961208,11.019076877938643,11.019076877938643
97.0,-32.29255467363413,10.99676353298449,10.99676353298449
97.10000000000001,-32.20673678840806,10.974149398515417,10.974149398515417
97.2,-32.11970923503193,10.95123513903804,10.95123513903804
97.30000000000001,-32.03147457768111,10.928021427260727,10.928021427260727
97.4,-31.94203541353318,10.904508944073958,10.904508944073958
97.5,-31.851394372691693,10.880698378530584,10.880698378530584
97.60000000000001,-31.75955411810929,10.856590427825505,10.856590427825505
97.7,-31.666517345509668,10.832185797275523,10.832185797275523
97.80000000000001,-31.57228678330884,10.8074852002986,10.8074852002986
97.9,-31.47686519253546,10.782489358393214,10.782489358393214
98.0,-31.38025536675019,10.757199001117364,10.757199001117364
98.10000000000001,-31.282460131964235,10.731614866067234,10.731614866067234
98.2,-31.183482346557025,10.705737698855836,10.705737698855836
98.30000000000001,-31.08332490119288,10.679568253091395,10.679568253091395
98.4,-30.981990718737002,10.653107290355322,10.653107290355322
98.5,-30.87948275417038,10.626355580180324,10.626355580180324
98.60000000000001,-30.775803994503967,10.599313900027902,10.599313900027902
98.7,-30.670957458691905,10.571983035265974,10.571983035265974
98.80000000000001,-30.56494619754387,10.54436377914599,10.54436377914599
98.9,-30.457773293636656,10.516456932780178,10.516456932780178
99.0,-30.34944186122482,10.488263305118165,10.488263305118165
99.10000000000001,-30.239955046150307,10.45978371292364,10.45978371292364
99.2,-30.129316025751603,10.431018980750931,10.431018980750931
99.30000000000001,-30.0175280087716,10.401969940921,10.401969940921
99.4,-29.904594235264938,10.372637433497456,10.372637433497456
99.5,-29.790517976504294,10.34302230626236,10.34302230626236
99.60000000000001,-29.675302534885876,10.313125414691894,10.313125414691894
99.7,-29.558951243834088,10.282947621931458,10.282947621931458
99.80000000000001,-29.441467467705426,10.252489798771006,10.252489798771006
99.9,-29.322854601691276,10.22175282362002,10.22175282362002
100.0,-29.20311607172028,10.190737582481974,10.190737582481974
100.10000000000001,-29.082255334359406,10.159444968929188,10.159444968929188
100.2,-28.960275876714526,10.12787588407686,10.12787588407686
100.30000000000001,-28.837181216330045,10.096031236557378,10.096031236557378
100.4,-28.712974901087705,10.063911942494114,10.063911942494114
100.5,-28.58766050910453,10.031518925475188,10.031518925475188
100.60000000000001,-28.461241648629986,9.998853116526837,9.998853116526837
100.7,-28.33372195794241,9.965915454086998,9.965915454086998
100.80000000000001,-28.205105105244435,9.93270688397802,9.93270688397802
100.9,-28.075394788557738,9.89922835937986,9.89922835937986
101.0,-27.944594735616946,9.86548084080271,9.86548084080271
101.10000000000001,-27.812708703762677,9.831465296059392,9.831465296059392
101.2,-27.67974047983395,9.797182700237773,9.797182700237773
101.30000000000001,-27.54569388005959,9.762634035672834,9.762634035672834
101.4,-27.410572749948965,9.727820291918478,9.727820291918478
101.5,-27.27438096418179,9.692742465719453,9.692742465719453
101.60000000000001,-27.137122426497356,9.65740156098269,9.65740156098269
101.7,-26.998801069582818,9.621798588748609,9.621798588748609
101.80000000000001,-26.859420854960685,9.585934567162433,9.585934567162433
101.9,-26.718985772875627,9.549810521444915,9.549810521444915
102.0,-26.577499842180433,9.513427483863213,9.513427483863213
102.10000000000001,-26.434967110221162,9.476786493701374,9.476786493701374
102.2,-26.2913916527217,9.439888597230814,9.439888597230814
102.30000000000001,-26.146777573667265,9.40273484768023,9.40273484768023
102.4,-26.00112900518743,9.365326305205919,9.365326305205919
102.5,-25.85445010743818,9.327664036861373,9.327664036861373
102.60000000000001,-25.70674506848333,9.289749116566894,9.289749116566894
102.7,-25.55801810417511,9.251582625079127,9.251582625079127
102.80000000000001,-25.408273458034035,9.213165649960136,9.213165649960136
102.9,-25.257515401128074,9.174499285546693,9.174499285546693
103.0,-25.105748231951004,9.135584632918938,9.135584632918938
103.10000000000001,-24.952976276300014,9.096422799869192,9.096422799869192
103.2,-24.79920388715256,9.057014900870358,9.057014900870358
103.30000000000001,-24.64443544454272,9.017362057044465,9.017362057044465
103.4,-24.488675355436328,8.977465396130505,8.977465396130505
103.5,-24.33192805360599,8.937326052452741,8.937326052452741
103.60000000000001,-24.174197999504806,8.896945166888301,8.896945166888301
103.7,-24.01548968013977,8.856323886834753,8.856323886834753
103.80000000000001,-23.85580760894432,8.81546336617774,8.81546336617774
103.9,-23.695156325650057,8.774364765258046,8.774364765258046
104.0,-23.533540396157946,8.733029250838934,8.733029250838934
104.10000000000001,-23.370964412408753,8.691457996072725,8.691457996072725
104.2,-23.207432992252713,8.649652180467895,8.649652180467895
104.30000000000001,-23.042950779318517,8.607612989855465,8.607612989855465
104.4,-22.87752244288168,8.565341616355353,8.565341616355353
104.5,-22.711152677732198,8.522839258342822,8.522839258342822
104.60000000000001,-22.5438462040414,8.480107120414338,8.480107120414338
104.7,-22.375607767228225,8.437146413353606,8.437146413353606
104.80000000000001,-22.206442137824904,8.393958354097313,8.393958354097313
104.9,-22.036354111341744,8.350544165700516,8.350544165700516
105.0,-21.865348508131362,8.306905077302318,8.306905077302318
105.10000000000001,-21.693430173252345,8.263042324090874,8.263042324090874
105.2,-21.520603976332048,8.218957147268661,8.218957147268661
105.30000000000001,-21.34687481142886,8.174650794017241,8.174650794017241
105.4,-21.172247596893843,8.13012451746208,8.13012451746208
105.5,-20.99672727523154,8.08537957663725,8.08537957663725
105.60000000000001,-20.820318812960373,8.040417236449633,8.040417236449633
105.7,-20.64302720047222,7.995238767643472,7.995238767643472
105.80000000000001,-20.46485745189137,7.949845446764292,7.949845446764292
105.9,-20.285814604932973,7.904238556122938,7.904238556122938
106.0,-20.10590372076072,7.8584193837594984,7.8584193837594984
106.10000000000001,-19.925129883843915,7.812389223406719,7.812389223406719
106.2,-19.743498201813964,7.766149374453848,7.766149374453848
106.30000000000001,-19.5610138053202,7.719701141909654,7.719701141909654
106.4,-19.3776818478852,7.6730458363658585,7.6730458363658585
106.5,-19.19350750575929,7.626184773960175,7.626184773960175
106.60000000000001,-19.008495977774636,7.579119276339079,7.579119276339079
106.7,-18.822652485198606,7.531850670620739,7.531850670620739
106.80000000000001,-18.63598227158665,7.484380289357526,7.484380289357526
106.9,-18.448490602634358,7.436709470498577,7.436709470498577
107.0,-18.26018276602931,7.388839557352032,7.388839557352032
107.10000000000001,-18.07106407130186,7.340771898547229,7.340771898547229
107.2,-17.881139849675776,7.292507847996805,7.292507847996805
107.30000000000001,-17.690415453917982,7.244048764858632,7.244048764858632
107.4,-17.498896258187955,7.1953960134973824,7.1953960134973824
107.5,-17.306587657886293,7.1465509634464155,7.1465509634464155
107.60000000000001,-17.113495069503116,7.097514989369087,7.097514989369087
107.7,-16.919623930465345,7.048289471020103,7.048289471020103
107.80000000000001,-16.724979698984086,6.9988757932068735,6.9988757932068735
107.9,-16.529567853900748,6.949275345750418,6.949275345750418
108.0,-16.3333938945333,6.89948952344645,6.89948952344645
108.10000000000001,-16.136463340521452,6.849519726026066,6.849519726026066
108.2,-15.938781731671556,6.799367358116573,6.799367358116573
108.30000000000001,-15.7403546278009,6.7490338292019105,6.7490338292019105
108.4,-15.54118760858162,6.698520553583137,6.698520553583137
108.5,-15.34128627338367,6.64782895033875,6.64782895033875
108.60000000000001,-15.14065624111785,6.596960443284779,6.596960443284779
108.7,-14.93930315007781,6.54591646093494,6.54591646093494
108.80000000000001,-14.737232657781806,6.494698436460408,6.494698436460408
108.9,-14.534450440813938,6.4433078076497114,6.4433078076497114
109.0,-14.330962194664691,6.391746016868488,6.391746016868488
109.10000000000001,-14.126773633571302,6.34001451101879,6.34001451101879
109.2,-13.921890490357251,6.288114741498769,6.288114741498769
109.30000000000001,-13.71631851627151,6.236048164161841,6.236048164161841
109.4,-13.510063480827371,6.183816239275998,6.183816239275998
109.5,-13.303131171640441,6.131420431482727,6.131420431482727
109.60000000000001,-13.095527394266542,6.078862209756096,6.078862209756096
109.7,-12.88725797203894,6.026143047361617,6.026143047361617
109.80000000000001,-12.678328745905063,5.9732644218149,5.9732644218149
109.9,-12.46874557426295,5.920227814840365,5.920227814840365
110.0,-12.258514332797063,5.867034712329663,5.867034712329663
110.10000000000001,-12.047640914313643,5.813686604300163,5.813686604300163
110.2,-11.836131228575773,5.760184984853163,5.760184984853163
110.30000000000001,-11.623991202137857,5.706531352132213,5.706531352132213
110.4,-11.411226778179637,5.652727208281091,5.652727208281091
110.5,-11.197843916339925,5.598774059401734,5.598774059401734
110.60000000000001,-10.983848592549732,5.544673415512304,5.544673415512304
110.7,-10.769246798865122,5.490426790504787,5.490426790504787
110.80000000000001,-10.55404454329944,5.436035702102648,5.436035702102648
110.9,-10.338247849655371,5.381501671818636,5.381501671818636
111.0,-10.12186275735642,5.326826224911934,5.326826224911934
111.10000000000001,-9.904895321277968,5.272010890345801,5.272010890345801
111.2,-9.687351611578062,5.217057200744624,5.217057200744624
111.30000000000001,-9.469237713527706,5.161966692351359,5.161966692351359
111.4,-9.250559727340727,5.106740904984313,5.106740904984313
111.5,-9.031323768003285,5.051381381994444,5.051381381994444
111.60000000000001,-8.811535965103136,4.995889670222006,4.995889670222006
111.7,-8.591202462658236,4.940267319953515,4.940267319953515
111.80000000000001,-8.370329418945223,4.884515884878442,4.884515884878442
111.9,-8.148923006327337,4.828636922045795,4.828636922045795
112.0,-7.9269894110821815,4.772631991820754,4.772631991820754
112.10000000000001,-7.7045348332289105,4.716502657841026,4.716502657841026
112.2,-7.481565486355153,4.6602504869732995,4.6602504869732995
112.30000000000001,-7.2580875974436605,4.603877049269464,4.603877049269464
112.4,-7.034107406698469,4.547383917922973,4.547383917922973
112.5,-6.809631167370787,4.490772669224794,4.490772669224794
112.60000000000001,-6.584665145584594,4.434044882519524,4.434044882519524
112.7,-6.359215620161739,4.377202140161418,4.377202140161418
112.80000000000001,-6.133288882446982,4.320246027470215,4.320246027470215
112.9,-5.906891236132431,4.263178132686981,4.263178132686981
113.0,-5.68002899708187,4.206000046929818,4.206000046929818
113.10000000000001,-5.45270849315466,4.148713364149622,4.148713364149622
113.2,-5.22493606402928,4.091319681085568,4.091319681085568
113.30000000000001,-4.996718061026874,4.033820597220741,4.033820597220741
113.4,-4.767999423029151,4.532293878984557,4.532293878984557
113.5,-4.538725088917947,5.030767160748374,5.030767160748374
113.60000000000001,-4.308839997575023,5.529240442512189,5.529240442512189
113.7,-4.0782890878821645,6.027713724276006,6.027713724276006
113.80000000000001,-3.8470172987211315,6.526187006039822,6.526187006039822
113.9,-3.6149695689737613,7.024660287803638,7.024660287803638
114.0,-3.382145326004694,7.029844406964139,7.029844406964139
114.10000000000001,-3.148557533111728,6.9124865001590345,6.9124865001590345
114.2,-2.9142191940500815,6.794762328536298,6.794762328536298
114.30000000000001,-2.6791433523087003,6.676678443302672,6.676678443302672
114.4,-2.4433430903846856,6.558241414665839,6.558241414665839
114.5,-2.206831529055276,6.4394578314689115,6.4394578314689115
114.60000000000001,-1.969621826648204,6.320334300824084,6.320334300824084
114.7,-1.7317271783098886,6.200877447745253,6.200877447745253
114.80000000000001,-1.4931608152715157,6.081093914779628,6.081093914779628
114.9,-1.253936004113668,5.960990361638621,5.960990361638621
115.0,-1.0140660460286408,5.840573464827658,5.840573464827658
115.10000000000001,-0.7735642760812798,5.719849917275057,5.719849917275057
115.2,-0.5324440624678368,5.598826427960379,5.598826427960379
115.30000000000001,-0.2907188057731442,5.477509721541499,5.477509721541499
115.4,-0.04840193822618692,5.355906537981282,5.355906537981282
115.5,0.1944930770460298,5.234023632173075,5.234023632173075
115.60000000000001,0.43795294172638155,5.1136327648118405,5.1136327648118405
115.7,0.6819641282595198,4.991166582814367,4.991166582814367
115.80000000000001,0.9265130804191255,4.868440840639699,4.868440840639699
115.9,1.1715862140609634,4.7454623540595735,4.7454623540595735
116.0,1.4171699178769777,4.622237951907976,4.622237951907976
116.10000000000001,1.663250554151146,4.49877447570201,4.49877447570201
116.2,1.9098144595165516,4.375078779262424,4.375078779262424
116.30000000000001,2.156847945713654,4.251157728332961,4.251157728332961
116.4,2.4043373003501114,4.1270182001996725,4.1270182001996725
116.5,2.6522687876614905,4.0026670833091496,4.0026670833091496
116.60000000000001,2.90062864927356,3.878111276886555,3.878111276886555
116.7,3.149403104965315,3.753357690552949,3.753357690552949
116.80000000000001,3.398578353433483,3.628413243942052,3.628413243942052
116.9,3.64814057305784,3.50328486631664,3.50328486631664
117.0,3.8980759226676494,3.3779794961843117,3.3779794961843117
117.10000000000001,4.14837054230909,3.252504080912958,3.252504080912958
117.2,4.399010554013528,3.126865576345579,3.126865576345579
117.30000000000001,4.649982062566875,3.001070946414912,3.001070946414912
117.4,4.9012711562795195,2.875127162757536,2.875127162757536
117.5,5.15286390775731,2.7490412043275674,2.7490412043275674
117.60000000000001,5.404746374673243,2.622820057010097,2.622820057010097
117.7,5.656904600539741,2.4964707132343333,2.4964707132343333
117.80000000000001,5.909324615481795,2.3700001715861956,2.3700001715861956
117.9,6.161992437010643,2.2434154364209165,2.2434154364209165
118.0,6.414894070798024,2.116723517475173,2.116723517475173
118.10000000000001,6.668015511451061,1.9899314294791468,1.9899314294791468
118.2,6.921342743287605,1.863046191768084,1.863046191768084
118.30000000000001,7.174861741112111,1.7360748278939198,1.7360748278939198
118.4,7.428558470991696,1.609024365236707,1.609024365236707
118.5,7.68241889103303,1.4819018346155761,1.4819018346155761
118.60000000000001,7.936428952159004,1.3547142699000743,1.3547142699000743
118.7,8.190574598886263,1.2274687076207744,1.2274687076207744
118.80000000000001,8.444841770102455,1.100172186580432,1.100172186580432
118.9,8.699216399844142,0.9728317474644822,0.9728317474644822
119.0,8.953684418074564,0.8454544324519362,0.8454544324519362
119.10000000000001,9.208231751461655,0.7180472848258663,0.7180472848258663
119.2,9.462844324156098,0.5906173485843517,0.5906173485843517
119.30000000000001,9.717508058569559,0.46317166805078464,0.46317166805078464
119.4,9.972208876152633,0.3357172874850072,0.3357172874850072
119.5,10.226932698172954,0.20826125069372356,0.20826125069372356
119.60000000000001,10.48166531070264,0.07958127585393727,0.07958127585393727
119.7,10.736392360487912,-0.0503600280389748,-0.0503600280389748
119.80000000000001,10.991099355740255,-0.1815554999853346,-0.1815554999853346
119.9,11.245771666951358,-0.313997761386472,-0.313997761386472
