t,agent,err_deg,r_des_deg,derr_deg,P_deg,I_deg,I_raw_deg,D_deg,raw_preinv_deg,raw_deg,rud_preinv_deg,rud_deg,psi_deg,hd_cmd_deg,r_meas_deg,x_m,y_m,event,role,crossing_lock,flagged_give_way
0.0,0,0.0,0.0,0.0,0.0,0.0,0.0,0.0,0.0,0.0,0.0,0.0,0.0,0.0,0.0,549465.1618809439,5273503.187150014,,,-1,0
0.1,0,0.0,0.0,0.0,0.0,0.0,0.0,0.0,0.0,0.0,0.0,0.0,0.0,0.0,0.0,549465.6619572911,5273503.187150014,,,-1,0
0.2,0,0.0,0.0,0.0,0.0,0.0,0.0,0.0,0.0,0.0,0.0,0.0,0.0,0.0,0.0,549466.1621099488,5273503.187150014,,,-1,0
0.30000000000000004,0,0.0,0.0,0.0,0.0,0.0,0.0,0.0,0.0,0.0,0.0,0.0,0.0,0.0,0.0,549466.6623388805,5273503.187150014,,,-1,0
0.4,0,0.0,0.0,0.0,0.0,0.0,0.0,0.0,0.0,0.0,0.0,0.0,0.0,0.0,0.0,549467.1626440497,5273503.187150014,,,-1,0
0.5,0,0.0,0.0,0.0,0.0,0.0,0.0,0.0,0.0,0.0,0.0,0.0,0.0,0.0,0.0,549467.6630254199,5273503.187150014,,,-1,0
0.6000000000000001,0,0.0,0.0,0.0,0.0,0.0,0.0,0.0,0.0,0.0,0.0,0.0,0.0,0.0,0.0,549468.1634829545,5273503.187150014,,,-1,0
0.7000000000000001,0,0.0,0.0,0.0,0.0,0.0,0.0,0.0,0.0,0.0,0.0,0.0,0.0,0.0,0.0,549468.664016617,5273503.187150014,,,-1,0
0.8,0,0.0,0.0,0.0,0.0,0.0,0.0,0.0,0.0,0.0,0.0,0.0,0.0,0.0,0.0,549469.164626371,5273503.187150014,,,-1,0
0.9,0,0.0,0.0,0.0,0.0,0.0,0.0,0.0,0.0,0.0,0.0,0.0,0.0,0.0,0.0,549469.66531218,5273503.187150014,,,-1,0
1.0,0,0.0,0.0,0.0,0.0,0.0,0.0,0.0,0.0,0.0,0.0,0.0,0.0,0.0,0.0,549470.1660740073,5273503.187150014,,,-1,0
1.1,0,0.0,0.0,0.0,0.0,0.0,0.0,0.0,0.0,0.0,0.0,0.0,0.0,0.0,0.0,549470.6669118166,5273503.187150014,,,-1,0
1.2000000000000002,0,0.0,0.0,0.0,0.0,0.0,0.0,0.0,0.0,0.0,0.0,0.0,0.0,0.0,0.0,549471.1678255714,5273503.187150014,,,-1,0
1.3,0,0.0,0.0,0.0,0.0,0.0,0.0,0.0,0.0,0.0,0.0,0.0,0.0,0.0,0.0,549471.6688152351,5273503.187150014,,,-1,0
1.4000000000000001,0,0.0,0.0,0.0,0.0,0.0,0.0,0.0,0.0,0.0,0.0,0.0,0.0,0.0,0.0,549472.1698807715,5273503.187150014,,,-1,0
1.5,0,0.0,0.0,0.0,0.0,0.0,0.0,0.0,0.0,0.0,0.0,0.0,0.0,0.0,0.0,549472.671022144,5273503.187150014,,,-1,0
1.6,0,0.0,0.0,0.0,0.0,0.0,0.0,0.0,0.0,0.0,0.0,0.0,0.0,0.0,0.0,549473.1722393162,5273503.187150014,,,-1,0
1.7000000000000002,0,0.0,0.0,0.0,0.0,0.0,0.0,0.0,0.0,0.0,0.0,0.0,0.0,0.0,0.0,549473.6735322515,5273503.187150014,,,-1,0
1.8,0,0.0,0.0,0.0,0.0,0.0,0.0,0.0,0.0,0.0,0.0,0.0,0.0,0.0,0.0,549474.1749009136,5273503.187150014,,,-1,0
1.9000000000000001,0,0.0,0.0,0.0,0.0,0.0,0.0,0.0,0.0,0.0,0.0,0.0,0.0,0.0,0.0,549474.676345266,5273503.187150014,,,-1,0
2.0,0,0.0,0.0,0.0,0.0,0.0,0.0,0.0,0.0,0.0,0.0,0.0,0.0,0.0,0.0,549475.1778652725,5273503.187150014,,,-1,0
2.1,0,0.0,0.0,0.0,0.0,0.0,0.0,0.0,0.0,0.0,0.0,0.0,0.0,0.0,0.0,549475.6794608964,5273503.187150014,,,-1,0
2.2,0,0.0,0.0,0.0,0.0,0.0,0.0,0.0,0.0,0.0,0.0,0.0,0.0,0.0,0.0,549476.1811321015,5273503.187150014,,,-1,0
2.3000000000000003,0,0.0,0.0,0.0,0.0,0.0,0.0,0.0,0.0,0.0,0.0,0.0,0.0,0.0,0.0,549476.6828788513,5273503.187150014,,,-1,0
2.4000000000000004,0,0.0,0.0,0.0,0.0,0.0,0.0,0.0,0.0,0.0,0.0,0.0,0.0,0.0,0.0,549477.1847011095,5273503.187150014,,,-1,0
2.5,0,0.0,0.0,0.0,0.0,0.0,0.0,0.0,0.0,0.0,0.0,0.0,0.0,0.0,0.0,549477.6865988397,5273503.187150014,,,-1,0
2.6,0,0.0,0.0,0.0,0.0,0.0,0.0,0.0,0.0,0.0,0.0,0.0,0.0,0.0,0.0,549478.1885720055,5273503.187150014,,,-1,0
2.7,0,0.0,0.0,0.0,0.0,0.0,0.0,0.0,0.0,0.0,0.0,0.0,0.0,0.0,0.0,549478.6906205704,5273503.187150014,,,-1,0
2.8000000000000003,0,0.0,0.0,0.0,0.0,0.0,0.0,0.0,0.0,0.0,0.0,0.0,0.0,0.0,0.0,549479.1927444984,5273503.187150014,,,-1,0
2.9000000000000004,0,0.0,0.0,0.0,0.0,0.0,0.0,0.0,0.0,0.0,0.0,0.0,0.0,0.0,0.0,549479.6949437528,5273503.187150014,,,-1,0
3.0,0,0.0,0.0,0.0,0.0,0.0,0.0,0.0,0.0,0.0,0.0,0.0,0.0,0.0,0.0,549480.1972182975,5273503.187150014,,,-1,0
3.1,0,0.0,0.0,0.0,0.0,0.0,0.0,0.0,0.0,0.0,0.0,0.0,0.0,0.0,0.0,549480.6995680961,5273503.187150014,,,-1,0
3.2,0,0.0,0.0,0.0,0.0,0.0,0.0,0.0,0.0,0.0,0.0,0.0,0.0,0.0,0.0,549481.2019931121,5273503.187150014,,,-1,0
3.3000000000000003,0,0.0,0.0,0.0,0.0,0.0,0.0,0.0,0.0,0.0,0.0,0.0,0.0,0.0,0.0,549481.7044933094,5273503.187150014,,,-1,0
3.4000000000000004,0,0.0,0.0,0.0,0.0,0.0,0.0,0.0,0.0,0.0,0.0,0.0,0.0,0.0,0.0,549482.2070686516,5273503.187150014,,,-1,0
3.5,0,0.0,0.0,0.0,0.0,0.0,0.0,0.0,0.0,0.0,0.0,0.0,0.0,0.0,0.0,549482.7097191024,5273503.187150014,,,-1,0
3.6,0,0.0,0.0,0.0,0.0,0.0,0.0,0.0,0.0,0.0,0.0,0.0,0.0,0.0,0.0,549483.2124446254,5273503.187150014,,,-1,0
3.7,0,0.0,0.0,0.0,0.0,0.0,0.0,0.0,0.0,0.0,0.0,0.0,0.0,0.0,0.0,549483.7152451846,5273503.187150014,,,-1,0
3.8000000000000003,0,0.0,0.0,0.0,0.0,0.0,0.0,0.0,0.0,0.0,0.0,0.0,0.0,0.0,0.0,549484.2181207435,5273503.187150014,,,-1,0
3.9000000000000004,0,0.0,0.0,0.0,0.0,0.0,0.0,0.0,0.0,0.0,0.0,0.0,0.0,0.0,0.0,549484.721071266,5273503.187150014,,,-1,0
4.0,0,0.0,0.0,0.0,0.0,0.0,0.0,0.0,0.0,0.0,0.0,0.0,0.0,0.0,0.0,549485.2240967157,5273503.187150014,,,-1,0
4.1000000000000005,0,0.0,0.0,0.0,0.0,0.0,0.0,0.0,0.0,0.0,0.0,0.0,0.0,0.0,0.0,549485.7271970563,5273503.187150014,,,-1,0
4.2,0,0.0,0.0,0.0,0.0,0.0,0.0,0.0,0.0,0.0,0.0,0.0,0.0,0.0,0.0,549486.2303722516,5273503.187150014,,,-1,0
4.3,0,0.0,0.0,0.0,0.0,0.0,0.0,0.0,0.0,0.0,0.0,0.0,0.0,0.0,0.0,549486.7336222654,5273503.187150014,,,-1,0
4.4,0,0.0,0.0,0.0,0.0,0.0,0.0,0.0,0.0,0.0,0.0,0.0,0.0,0.0,0.0,549487.2369470615,5273503.187150014,,,-1,0
4.5,0,0.0,0.0,0.0,0.0,0.0,0.0,0.0,0.0,0.0,0.0,0.0,0.0,0.0,0.0,549487.7403466036,5273503.187150014,,,-1,0
4.6000000000000005,0,0.0,0.0,0.0,0.0,0.0,0.0,0.0,0.0,0.0,0.0,0.0,0.0,0.0,0.0,549488.2438208554,5273503.187150014,,,-1,0
4.7,0,0.0,0.0,0.0,0.0,0.0,0.0,0.0,0.0,0.0,0.0,0.0,0.0,0.0,0.0,549488.7473697809,5273503.187150014,,,-1,0
4.800000000000001,0,0.0,0.0,0.0,0.0,0.0,0.0,0.0,0.0,0.0,0.0,0.0,0.0,0.0,0.0,549489.2509933438,5273503.187150014,,,-1,0
4.9,0,0.0,0.0,0.0,0.0,0.0,0.0,0.0,0.0,0.0,0.0,0.0,0.0,0.0,0.0,549489.7546915078,5273503.187150014,,,-1,0
